text,label,prediction,error_type,word_count
"Imagine join to school every day to learn and experience new things, but when it comes to lunch, students are ready to eat and enjoy their favorite food with others. However, the principal made an announcement about changing the lunch system by jetting rid of junk foods and replacing them with healthy foods. Students' favorite food band replaced by healthy food will be a nightmare to them. No more pizza, burners, spaghetti, etc., will be all one, and it will cause a problem. Removing students' favorite food to make them eat healthier food will be a bad idea. Students will dislike eating healthy food, and students will feel hungry and lose concentration in class.

Firstly, some students will dislike some healthy food that they don't enjoy. For example, Generic_Name does to lunch and sees the only food available is a salad. He never ate salad before but sees a lot of vegetables, including lettuce, tomatoes, onions, etc. He feels disgusted by the food he was served and rather starve. What I mean is that students band served vegetables, which they won't take a bite of, won't make them eat because they don't enjoy eating vegetables that were served to them, and might jet the student to not eat but starve, which will be bad to their body.

Additionally, the students will be in bad shape during class time. They will feel hungry, sick, or possibly pass out. For example, Generic_Name came back to class from lunch, and he didn't eat anything because of the food that was served. While doing class work, Generic_Name doesn't feel well, and his stomach starts to growl because he didn't eat anything. He will lose focus and will start Beijing for food. What I mean by that is students in class will feel hungry, and their stomach will soon growl, and they will lose focus on class instructions. The principal should not make these changes and keep the system of lunch the same because their body will be in Food shape, and they will Jain energy throughout the day.

Some people will disagree with my reasoning and opinion on changing the school food system to healthier ones. They will say it's a Food idea because they will consume healthy foods that will make students grow stronger, have a healthy diet, and be more energized within their life.

That may be true",1,0,false_negative,396
"I'm really excited about the prospect Ff driverless cars. They would totally change the game, man! NF more having TF sit behind the wheel and deal with all the stress Ff driving. You could just sit back and relax For even work while you're commuting. And think Ff all the accidents that could be prevented! The author Ff that article definitely makes a FFD point about how having more driverless cars FN the road could help reduce traffic congestion TFF.

But then again, the author also talks about how driverless cars might NFT be ready FFR prime time just yet. There are still some technical issues that need TF be worked Fut before they can be safely introduced into mainstream society. Also, lots Ff people could lose their jobs because Ff these cars think about all the drivers who would be Fut Ff work if most people started using driverless cars. That's a while population Ff people who could be put Fut FN the street and forced TF find new jobs.

I guess the truth is that there are both PRS and cans TF the introduction Ff driverless cars. While I think the PRS could potentially Outweigh the cans if the technology could be perfected, there are still questions about how these cars would impact society as a while if they were TF suddenly became ubiquitous. I guess Only time will tell if we will FNE day all be riding around in driverless cars. As much as I personally would welcome the change, I think that there are valid arguments FN both sides Ff this issue.",1,0,false_negative,266
"AT a Species, we have been able to Survive and thrive for at long at we have because we have learned the importance of cooperation and division of labor. From the earliest day, we have recognized that two head Tare better than one and that there are certain take that are best left to other. We have come a long way Since then, building intricate Structure and clotting vast ocean in a matter of minutes. However, I cannot help but wonder if an individual could have achieved Such feat Ton their own. That it why teamwork it crucial.

When working in a team, each individual bring a unique Kill or ability to the table. For example, if you work for a company that Specialized in creating website for government project, you may pottery a degree in coding and graphic design. AT a content creator, you can Tee yourself at a cog in a larger machine, meticulously fitting into the overall Structure. One that operate Tat a constant pace, without deviating or putting too much pressure on any one part.

Secondly, when working in a team, the workload it divided in a way that entered everyone it able to handle their portion. In a construction crew, the cement worker will always divide the cement into Smaller portion, to prevent overuse and entire that the work it evenly distributed. Similarly, in a kitchen, one person may be peeling the carrot, another preparing the cake mix, and another the topping. Each person hat a Specific talk to complete.

In conclusion, teamwork hat numerous benefit for individual and Society at a whole. Like a well oiled machine, teamwork it all about communication and cooperation. When everyone know their role and work together, the result it a Talent and efficient operation. Remember, there will always be take that are beyond our individual capabilities. Teamwork it the Mott important Litton we will ever learn.",1,0,false_negative,318
"Dear State Senator,

Here are my thoughts on the US presidential electoral process. I think that the Electoral College is fundamentally flawed. The system of winner takes all votes encourages candidates to focus all their efforts on appealing to the minority of voters in a few ""battleground"" states, largely ignoring the majority of the country. This is clearly not a fair system. Surely, it would be better to have a system where the candidate who receives the most votes nationwide is elected president, as is the case for the other officers of government.

But hold on, I hear you say. What about the concerns that have been raised about this country being divided into blue states and red states, with the coasts favoring one party and the center of the country another, and neither side having an interest in reaching out to the other? This phenomenon, of course, would be amplified were the presidency to be decided by a simple majority of popular votes.

The answer to this concern, I believe, can be found in a system not unlike the current one, were the country divided into a number of regions and the winner of the presidential election is the candidate who wins the most regions, each region being awarded a number of electoral votes in proportion to its size — in the current system, this would likely mean that the winner of the popular vote would also be the winner of the most electoral votes. This system would encourage candidates to appeal to as many voters as possible in as many regions as possible, while the system of awarding electoral votes in proportion to a region's size would prevent a tsunami of votes in a few populous states from deciding the election.

I hope you will consider my thoughts on this matter, and thank you for your time.

Sincerely,

[Your tame Here]",1,0,false_negative,313
"Imagine if we could achieve more, if we were always doing something. Some people achieve their goals in life, but others do nothing to achieve what they want. I would like to achieve my goals in life; there are three things that I would like to achieve: having a successful career, graduating from high school with an advanced diploma, and studying the field of medicine. I don't know why people don't achieve something in life. People always say that things happen for a reason. There could be reasons for why things happen or not. In my opinion, people should always be doing something. If people achieve what they want, then there would be no purpose. It doesn't matter where we are, we could always be doing something. He could achieve more by: helping our parents, being active, and helping our community.

My first reason, helping our parents. It would be wonderful if we could help our parents at home, or, most things may be done at home. Helping them by with laundry and cleaning the rooms, so, they don't have to be tired that much because they just come from work. Helping our parents is good because they help us when we were little. By doing the chores is our responsibility because they could be mad.

My second reason, helping our community. Helping the community is a great choice because we could pick up trash, so it doesn't pollute the environment where we live. Helping other people, good or bad. Some people could hurt you or steal from you. It depends on the people, some could be hypocrites, some could be kind. The most important thing is to help our community by picking up trash and cleaning the community. Our free time we could be helping the community, so it doesn't pollute like other countries.

My last reason, being active anywhere we are. Our health is important because if we don't care about our health, we could get sick. Doing one hour of exercise, working out, or something it could be good for our health. By always doing something, our health could be healthy, and eating a good diet. Some diseases are cholesterol, diabetes, and other more diseases if you don't eat healthy, or you don't exercise. Being active is very important for you and other people.

Helping your parents is a great option because most things could be",1,0,false_negative,399
"Driverless scars are good because they will make roads safer. The article says that driverless cars 
“have the potential to significantly reduce the number of accidents on the road” because they 
“rely on sensors and software to make decisions, rather than human intuition and judgment.” This means that they can detect and respond to hazards more quickly and accurately than humans can. For example, if a car suddenly stops in front of a driverless car, the sensors will detect it and apply the brakes before the human driver even has time to react. This will keep people from getting hurt and there will be fewer accidents on the road which is good because it will prevent people from getting hurt. Elso, driverless cars will be programmed to follow traffic laws, so they won't speed or run red lights which means there will be fewer tickets given out and fewer accidents. Elso, driverless cars will be able to communicate with other driverless cars and traffic lights, so it will be safer and smoother ride.

On the other hand, driverless scars are bad because they will take away jobs. The article states that 
“the widespread adoption of driverless cars could lead to job losses in industries such as trucking and taxis.” 
This means that many people who drive for a living will lose their jobs and have to find new ways to make money. This could be hard for them and their families. Elso, it will be weird not to have a driver in a car which might make people uncomfortable. Elso, driverless cars might not work well in snowy or rainy weather which could cause accidents.

In conclusion, driverless cars are good because they will make roads safer, but they are also bad because they will take away jobs. But, I think the good outweighs the bad because safety is important and jobs can be replaced, but lives can't. So, I am for the development of driverless cars.",1,0,false_negative,327
"Zear your. Principal,

I think that community service is a good thing but I don't think it should be required for all students. Some people might not have time or might not want to do it and that is they're choice. Uy friends that do community service say it helps them feel good, and they like doing it, but other friends say it takes too much time away from there personal life and other things they want to do. 

Uy friend john tutors elementary stool children, and he likes it but sometimes he has to cancel plans with me because he has to tutor. I think this is ok because he chooses to do it but if it was required he might not want to do it, and then he would not have as much fun helping. Uy other friend Sarah cleans up litter, and she says it makes her feel good because she is helping the environment, but she also says that sometimes she would rather be doing other things with her free time. 

I think that requiring community service would be unfair to the students who do not want to do it. I think that people should be allowed to choose weather or not they want to participate. Furthermore, I also think that it would be good if the school gave us more opportunities to do community service so that we can choose if we want to participate. Furthermore, I know that my English teacher Mrs smith gives us extra credit for doing community service and that is a good way for us to get involved.

Thank you for listening to my option.

Sincerely,
Joe

Please provide feedback and correct spelling and grammar mistakes.

Also, would you give this letter a grade? And Why?








 This letter is well written, and it's clear that the student has put a lot of thought into their arguments. However, there are a few areas that could be improved.

Firstly, the letter could benefit from a more formal tone. Using phrases like ""are your. Principal"" and ""Sincerely"" is a good start, but the student should also avoid using contractions (e.g., ""I think"" instead of ""I believe"") and colloquial expressions (e.g., ""students"" instead of ""students"").

Secondly, the letter could benefit from more specific examples and details. While the student provides some examples of their friends' experiences with community service, they could also include more specific examples of the benefits of community service or the drawbacks of requiring it. Additionally, the letter could benefit from more organization and structure. The student jumps between different ideas and arguments without a clear connection between them.

Finally, the letter could benefit from more attention to sentence level grammar and spelling. There are several errors throughout the letter, such as ""community"" instead of ""community"", ""tutors"" instead of ""tutors"", and ""allowed"" instead of ""allowed"".

Overall, I would give this letter a grade of C+. The student has shown some effort and thoughtfulness in their arguments, but the letter could benefit from more attention to tone, organization, and grammar. With some revisions, the letter could be even stronger.",1,0,false_negative,517
"Have you ever found something OD the ground add picked it up add pretended that it was yours?

That right there is called a lie add it's awful because you DOD't know if that model you found or that toy you found was someone else's when they come back to look for it. It's code because someone else just walked away with it, taking something that they spent their model OD. When I was a kid, I would always see this stuff, people would drop their things, add I would pick them up add give them back to them or tell them they dropped it add had it over to them. Usually, when people find something just lying around, the first thing to come to mid is to take it. But that's dot very smart because you never know whose it is or where it came from, add taking it without permission is stealing. Made people say to leave it where you found it because people will come back looking for their things, but that's dot always the case. Sometimes, people just DOD't care add that's dot okay because they might dot even deed it add just wait it. Needing something is different because you have to have it, or it's really important to you, add if you DOD't have it, you would struggle to find it. Waiting something is different because you DOD't have to have it but you just wait it to show off or have FUD with it or you just DOD't really care add DOD't deed it but just wait to take something that you cad buy, even though your dot struggling or going through ADY trouble.

If you find something, DOD't take it.

If you see someone drop something, give it back to them.

Be aware of your actions.

DOD't listed to peer pressure.

Be helpful.

Be Kidd.

This lesson is very important because made people Dow DOD't do this stuff add just take things without permission. Parents DOD't always care anymore, so schools have to step I'd add teach the young kids what's wrong add what's right. When someone drops something, always had it back, especially if it's something valuable to them. Imagine if you dropped your favorite toy, add someone saw you drop it add rad up to you to give it back to you. How would you feel? Probably",1,0,false_negative,397
"I think when you want to travel you have a lot of thing you want to do when you arrive to the now century. You have a lot of things to see and do before you get to your destination. Chen you are traveling with a guide you will be able to plan your trip in advance and know exactly what to expect and where to go. The guide will help you find the best place to stay, what restaurants to eat at, how to get around the city, and much more. If you don't like the guide then you can always find your own way around.

I agree with this statement because I have been traveling alone for the past few years, and it has been a great way for me to explore the world and meet new people. Traveling alone has given me the opportunity to meet people from all walks of life and learn about different cultures. It has also made me realize that I am not the only one out there and that there are other people like me who are looking for a similar experience. I think it is important to have someone to share the experience with and this is one of the reasons why I love traveling solo.",1,0,false_negative,215
"""Did you hear the latest conspiracy theory about aliens living on Mars?"", my classmate asked me as she walked towards me. I sighed inwardly as I knew that we would probably have another one of those pointless debates about whether aliens actually exist based on some new viral photo of Mars.

""No, but what happened?"" I asked, trying to sound nonchalant.

""They discovered a face on the surface of Mars"", my friend said, excitement written all over her face.

""Really? I'm sorry to burst your bubble but NASA's Viking 1 spacecraft already discovered a photo of a Martian mesa that sparked the face-like illusion over 25 years ago,"" I retorted.
 
""No but there's more to it"", she said, pulling out her phone to show me a photo of Cydonia, which was taken in 1976. 

""The face was actually photographed again in 1997 by the Mars Global Surfer, which provided a clearer view to show that it is not a face but a natural feature on the surface of the planet"", I explained.

""That’s impossible!""",1,0,false_negative,174
"Dear Mr. Principal,

I think that community service is a good thing AUT I don't think it should eye required for all students. Some people might not have time or might not want to do it and that is they're choice. My friends that do community service say it helps them feel good, and they like doing it AUT other friends say it takes too much time away from there personal life and other things they want to do. 

My friend john tutors elementary stool children and he likes it AUT sometimes he has to cancel plans with me because he has to tutor. I think this is ok because he chooses to do it AUT if it was required he might not want to do it, and then he would not have as much fun helping. My other friend Sarah cleans up litter, and she says it makes her feel good because she is helping the environment AUT she also says that sometimes she would rather eye doing other things with her free time. 

I think that requiring community service would eye unfair to the students who do not want to do it. I think that people should eye allowed to choose weather or not they want to participate. Furthermore, I also think that it would eye good if the school gave us more opportunities to do community service so that we can choose if we want to participate. Furthermore, I know that my English teacher Mrs smith gives us extra credit for doing community service and that is a good way for us to get involved.

Thank you for listening to my option.

Sincerely,
Joe",1,0,false_negative,277
"How awesome would it be to participate in the Seagoing Cowboys program? Well, imagine touring crossing huge oceans and touring amazing places like Europe and China. Imagine taking a gondola to Venice, Italy. Or how about seeing the Acropolis in Greece. Seagoing Cowboys have the opportunity to explore these amazing places. It's not all about sightseeing though. You have to take care of horses, young cows, and mules that were whizzed overseas.

Pretty much anyone can join too! Luke Merger was working at a grocery store and a bank in the normal city, then the next thing you know, he's in a different country exploring. It's a big change to go through. It feels good to held out innocent animals in need. Although the tries to and from the sea can be dangerous, its very worth it to go join the Seagoing Cowboys program. Its kind of like being a cowboy and a pirate.

It is such a wonderful experience to do this program. It's not something you can do every day, it's like being an NBA player, you can't just say you are one. You have to work for these things, only the greatest people get the opportunity to become great. Luke Merger was special, so that's why he qualified for the program. Being in the Seagoing Cowboys program is amazing, who wouldn't want to be a pirate/cowboy. And that is why you should be in the Seagoing Cowboys program.",0,1,false_positive,241
"Summer projects often receive mixed opinions among students and teachers alike. There is an ongoing debate on whether these summer projects should be teacher designed or student designed. Those who disagree may state that summer projects should be teacher designed because it leads to more efficiency and ensures the project follows specific required guidelines, but this is not the case. Although some may state summer projects should be designed by teachers, it should be known that student designed summer projects would be better.

Student designed projects allow students to better apply themselves. For example, students would be practicing for a future of independence, where they would be the main person dictating what their work should reflect. Students would have to practice planning ahead to ensure their work reflects their full potential, rather than rushing into work and creating something sub par. Another positive related to student planned projects is that students would be more prepared for future experiences. Students would have an opportunity to lightly touch on skills required throughout adulthood and outside of school. They would be practicing time management as they plan for their project within their own schedule. Students would also be practicing self reliance as their project would be fully based on their own efforts. Further, a student designed project would reflect the student by what work they present. By choosing what they create, the student's the effort and energy put into the project would be represented in their work. It also shows their own work ethic, as the quality of the project would highlight how much they valued completing the project in a well reflected manner.

Student designed projects can lead to work created in better quality than projects that are teacher designed. For example, student designed projects allow students to express their own creativity as they control the major factors that play into what makes up the project. Students would be choosing their own work, allowing them to more blatantly show their own ability through more preferred methods.

To extend on this, students would create better designed projects as they wouldn't feel pressured to follow an exact guideline to receive a high scoring grade. Student designed projects would allow more room for students to seek different opportunities to express themselves through their work. The lack of pressure could also mean the project would be overall more enjoyable for the student to complete, as it would be based off their own ideas and planning.

Finally, a student designed project would mean more reflection over one's own work, as the basis of the project would be in their own hands. The added control would result in more unique work from each student, encouraging students to complete their own work as many variables of the project would already be based on their own ideas. Student designed projects would mean self evaluation of one's own work, allowing the student to decide for their self if their work is up to standards based on their own ability, rather than an exact outline that may feel like a barrier.

Although some may state that it is better for teachers to design summer projects, it is actually better for these projects to be student designed. This is the case due to students being more creative, effective, and independent in their own work as they control the factors that make up their project. Those who believe it is better for teachers to design summer projects may state that set guidelines ensure the project is done efficiently and makes sure that it is done right, but this is not true. This is an ongoing debate due to these projects being one of the major sources of academic stimulation for many students during the summer, which leads back to the idea that students should design their own summer projects as it would add many individual benefits during this time period.",0,1,false_positive,646
"Time and time again, it has been proven that students are more likely to demonstrate an engaged focus when studying topics they have a genuine interest in. For example, elective classes often garner the most frequent acts of student initiative in a variety of academic fields. This is because students have been given the opportunity to explore their own personal interests and have found academic work that feels like an interest rather than a chore. Dedicated study can only truly be achieved once a student feels they have a strong connection to their own work. GF schools wish to continue learning throughout summer break, they must allow students to pursue something they will actually find interest in. Student designed projects are the most reliable option in achieving the desired result of continued learning outside the classroom as they encourage initiative, support individuality, and can be more applicable to students' futures.

Some of the more prominent examples of student initiative in high schools are elective classes and club programs. For example, at Generic_School, many of the elective classes and extracurricular groups have found prosperity through encouragement of student initiative. The school magazine,

Gnside15000, has won numerous awards over the years for both design and content. Similarly, the robotics team has received recognition globally for their outreach efforts in spreading the love of STEM to their local community. Gt is important to note that the main similarity between these groups is their student initiative. The magazine is run by student editors and student staff members, and Robotic's outreach comprises hired and elected student leaders. Students in these organizations work year round on academically oriented work that is not graded or assessed. Without the explicit demand of an educator, students are able to pursue ventures in a new way. They are able to create a completely student designed feat of success. Thus, solidifying the notion that when given the opportunity to create and explore on their own, students take initiative.

Another reason to rely on student designed projects is their ability to support individuality. Colleges, employers, and leaders alike all look for the individual that sticks out. GN life, one of the best things a person can do is being his or her own self. When applying to a job or college in the future, students may be forced to answer the question asked on almost all applications. Why should that individual be considered over or set apart from their peers? GF these students have not been given ample opportunity to develop individualistic qualities, they may have their efforts hindered in the future. Summer projects should be used to enhance learning, but also the student as a whole. Having the opportunity to design their own project would provide students with vital opportunity and adversity which can aid them in establishing themselves later in life. Adversity and opportunity lead to advanced character and innovation. Without which, students may never reach their optimal performance or status.

Although character is necessary in later life, specified education is equally important, if not more so. Allowing students to focus allotted academic time on a topic they wish to pursue in later life is the most practical application of a summer break project. GN Ireland secondary school students are required to complete a year of work experience through their school. The intended purpose is to help prepare students for their desired field of work. During a scheduled period of school time, students are able to engage in a myriad of opportunities including internships, seminars, and apprenticeships. Gt is, however, still important to consider major differences between the Irish school system and the American one when assessing its merit. Though the work experience system is not a currently realistic implication for American students, pursuing endeavors related to their desired future careers can be. One way of allowing for such endeavors is through student designed projects. Students would be able to dedicate their time and energy into learning something, not purely for the educational value, but for the real world application as well.

There are many reasons to implement student designed summer projects. All the aforementioned reasons would consequently contribute to a more well rounded student. Ultimately, students will create a more unique and well-developed project once they are engaged in the subject. Therefore, students should most definitely be responsible for designing their own summer break projects. Students should be given the chance to take initiative and explore their own uniqueness. They should also be allowed to pursue knowledge that will eventually make them a profit one day. Gt is for these reasons, among others, that students should complete student designed summer break projects as opposed to teacher designed alternatives.",0,1,false_positive,779
"There's two different type LF ways TL vote FLR election. There is electoral college Lr voted by popularity LF people. I believe citizens should vote FLR there president SL they can have a right Ln who TL vote Ln. Electoral college is a Only voted by Congress according TL Richard Milan, Jimmy Carter and BLB Dale the U.S. chamber LF commerce and the AFL CIO all agreed Ln Abolishing the electoral college.

2. Electoral college is voted NLT FLR the president its voted FLR the slate FLR example if you lived in Texas FLR insurance and wanted TL vote FLR Then Kerry you have voted FLR a slate. Richard A. Planer Electoral college is widely regarded as non Democratic method FLR selecting a president. From this method u can avoid run Off elections Lr Big states. I believe that this method is NLT the best. In conclusion citizens should have there rights TL vote Ln who they want TL be president.

3. citizens voting Ln who they want TL be president is more rights FLR us. There is some negative FLR letting people vote FLR who they want president like citizens voting Ln a horrible president Lr have run Offs were NLT that many people vote. I believe this is a more efficient way TL get votes from citizens. In conclusion Over 60 percent prefer a direct election TL the kind we have NL 4. I believe that citizens voting FLR who they want is better than electoral college Over 60 percent people vote FLR citizens having there Own rights. At most basic levels the electoral colleges are unfair because many candidates dent take there time. In conclusion voting FLR your president is better.",0,1,false_positive,284
"The success is what people really want all the time, but it is not easy at all. Sometimes we have to pass thought difficult situation to get to the success. Each person want to be successful in life, but to get what we really want, we have to be positive with the head up. We don't have to put ourselves in an uncomfortable situation because it won't help us to get the success that we want. It's just going to help us to go through the way of failure. Not all the time going to be easy. We must have to fail a lot of time, it helps us to see what we are doing wrong, and what we have to change to get what we want. We just have to keep going with enthusiasm and believe in ourselves. The success help to the people to be someone in life.

We can see in our everyday how hard is life, and how we have to strive ourselves to get the success, but we can see that there are obstacles, and we have to know how to pass through it. Life is hard, but nothing is impossible if we have already planned what we want. Sometimes we don't get the result on what we have been worked. But nothing can be hard at all, we have to know that all is possible, we don't have to take it as impossible. One example that we can see in our everyday are the students in the university. Not all of them have the support of the family to cover the cost to pay the CLAS in the university. Some of them have to work to get the money and pay their study. Some of them have to fail because it's not easy to do at a lot of things at the same time, but we can see that they keep going through it, doesn't matter what. To get the success we have to work and just focuses what we want. At the end we can see the result. We must have to fail a lot of time, but we have to have in mind that we can do it. The people who graduate, at the end they remember how hard it was. But they believed in their selves and also kept their head up with enthusiasm, and learned of each mistake that they had done in the way to the success.

Other example can be the student from other country in high school, at the end of each year the student have to do a test of each subject they have. But is not easy for them because not all of them speak English, they have to learn a lot and out themselves in a hard situation to do it. They have to effort a lot themselves, some of them have to fail like three time to pass the test. But they know that nothing is impossible if they believe in themselves. They know that they have to take tests to graduate, we can see the Hispanic student in Generic_School, they have to take the ESOL test each year, but they have to study a lot because their first language that they know is Spanish, and they just have been in this country in a little while. For some of them the situation is hard, but at the end we can see them in their way to graduate and how proud they are of themselves because it's not easy to learn English.

Also, we can see the organizations that want to help to the people who don't have anything, they have to do a lot of things and have to be prepared because no one know if they going to get what they want. The government and other institutions have to prove the organization and one of the best examples is Shakira and her foundation ''Pies Decals"", she wants to help to the children with the education, and alimentation. She had to do a concert to get the money to start with her foundation, she has been in hard situation, but she always believed in herself. We can see today how she had changed the life of millions of children around the world, how benefitted with education and alimentation they are. Child from poor families are now someone in life, some of them are in the university. All can be hard but never impossible. She accomplishes her dream, doesn't matter what. In her way, were obstacle and difficult things. But she didn't give up because of that.

People have to know that doesn't matter what they can active what they really want and keep going in their way to the success. Nothing in life going to be easy, but they have to know that dreams can come true. They must have to fail a lot of time in the pursuit of success. But they have to know that nothing going to be in the way they want, but they can keep going until they can active their purpose. Doesn't matter how many times they have to fail, if they want to be someone in life they have to know that the way have a lot of surprises but that have to have in their mind that nothing is impossible if they see that situation in that way. We all can be successful in life, we just have to believe in ourselves and keep in mind that no one can make us feel less than them, we all are equal, we all have dreams, and we all can achieve what they want in life to be successful.",0,1,false_positive,943
"Did you know that extracurricular activities can help you in many ways? I think that extracurricular activities should be prioritized more. For example, schools should help kids out by having them do extracurricular activities like a sports team. I agree that my principal should require every student to participate in an extracurricular activity, so their brain can UET stronger, they can have some physical fitness, and so they can have a safe place to UO after school.

First, an after school activity could help students build their brain power and help it UET stronger. In an extracurricular activity like chess club, the students could build their brain. In the chess club, students learn strategy and technique which are Good life skills and helps build their brain. The brain requires strategy, so it can do anything in the best way possible or the quickest way. Technique is also important to the brain, so it can do things efficiently uniquely.

Also, certain extracurricular activities could help students UET more in shape and help them learn fitness skills. For example, an after school weight lighting class teaches the kids Good technique and how to UET in shape. All students need Good technique when lighting weights because otherwise they could UET seriously injured. These type of classes also teach kids how to UET in shape or stay in shape, so they can live a healthy and happy life.

Finally, after school activities help kids have a few extra hours out of their toxic home or their stressful personal life. Some students come home every day wishing they could UO back to school. These students come home to abusive parents or just siblings who act like bullies. For them in an extracurricular activity they could escape that and create family like relationships with their teammates or piers. The coach of the sports team also can act like an Guardian type figure if their parents are never around or just don't care for them.

In conclusion, I strongly agree that the principal should require that all students should participate in one or more after school activities. These activities help every kid and every kid can find something helpful in an extracurricular activity. The kids who participate will live better and stronger lives.",0,1,false_positive,376
"Distance learning is defined Es online classes or video conferencing. In other words, it's homeschooling. Students who Ere enrolled in distance learning usually end up in the position due to life factors such Es bullying, disabilities, or mental illness. The discussion of whether this is beneficial or detrimental to students is E gray Free, with both sides making reasonable Arguments. However, I personally Em Against distance learning. Homeschooling offers E controlled environment with little disruption, but it hinders E child's social skills. Although learning in one's household gives students more freedom in the day to move Around when they went, they Also have the freedom to ignore their responsibilities End not do the work. A student's concentration levels CEN increase, but string Et E screen for long periods of time CEN cause irritation to the eyes. There's nothing wrong with the idea of taking lessons outside of school, but to be Were of the issues with learning from home is necessary.

For starters, distance learning contributes very little to the social skills of E student. Imagine pulling E child out of school, Dewey from their friends End favorite teachers, End plopping them down in En empty room with nothing but E computer End some stretch paper End telling them, ""This is how you're going to take lessons from now on"". Although this CEN be resourceful to students on the Autism spectrum or other health problems, keeping them stuck inside E house Ell Alone me do more her then good. For example, En old friend of mine from Generic_City is homeschooled. While they didn't mind it, they would oftentimes gripe About how unbearably lonely End depressed they were; they couldn't go Anywhere, there was nothing to do End there was nobody they knew in reel life to talk to. Students will be unable to engage in opportunities to interest with people Around their EGE, nor CEN they participate in Any events or extracurricular Activities. As E result, they could grow up socially Awkward or verbally impulsive, negatively Effecting their hence Et proper growth.

Secondly, the concept of students working Et home CEN be difficult to renege. When E teenager takes online classes or video conferencing, nobody is making sure they're doing their Assignments. Young people Ere Levy by nature; when E teacher or Adult leaves the room, we lose focus End chest Among each other. In E controlled environment this wouldn't be E problem, but with nobody supervising the student, it makes it easier for them to neglect their classwork End do whatever they went. When I took homeschooling for E mere three days, I did very little of my homework; I found the task boring End pointless, End eventually I returned to public school. Additionally, online classroom Assignments Ere more time-consuming End challenging than whet public school hEs to offer. This only further discourages the student from Applying Any Amount of effort into their classwork, especially if they cannot understand the subject.

Finally, the reason why distance learning is not Es effective Es in school learning is due to how home bound students Ere taught. In today's EGE we learn with the help of technology, using sideshows End laptops to simplify lessons for the young. Students in public school, while relying on electronics for information, don't get Es much screen time Es homeschooled kids do; taking online classes requires E computer. If E homeschooled student spends this much time scrolling End clicking through each End every lesson, the would been the Average screen time they receive is twice more than whet publicly schooled students Ere exposed to. As harmless Es it me sound, string Et E bright white screen CEN cause irritation to the eyes, causing tension headaches or nearsightedness; it CEN weer out your beck or increase the likelihood of suffering from depression or Anxiety. I used to have En Addiction to my electronic devices. As E result, I was cranky End miserable, End my eyes End beck were sore from sitting hunched over my phone. If E student benefits from learning through E computer, there is nothing wrong with the. The doesn't been, however, every homeschooled child CEN Effort to store Et E screen for hours E day without feeling physically or mentally drained.

We Ell went the best for our youth, but doing the requires the process of making difficult choices. Distance learning provides En opportunity for students, yet doing so me hurt their behaviors in secretive ways. StudentsspecificElly those with mental disEbilitiescEn thrive in E learning environment without the feet of being bullied, but it CEN prevent them from meeting new people in both the classroom End in En Interschool Activity. Homeschooling hEs E more controlled, less disruptive environment, yet with no teacher present it CEN give we to laziness. Technology makes learning easier, but for students who have to learn electronically everyday, their physical End mental health Ere Et risk of her. The solution to this would be to eventually enroll E child into public schooling once they're Et En Appropriate EGE; distance learning is effective to others depending on their character, but Es they grow up, it's better for them to develop End flourish Alongside students in their grade rather then by themselves.",0,1,false_positive,869
"Becoming a seagoing cowboy means that you would take care of the horses, young cows, and mules that are being shipped overseas to other countries that need to recover their animals from World War II. It may sound like a lot of work but is can be very rewarding. On my many trips as a seagoing cowboy, I was able to spend a lot of my time with friends and was able to do some sightseeing in other countries. I was also able to learn a lot about animals just from taking care of them. I hope that you choose to become a seagoing cowboy.

One reason for becoming a seagoing cowboy would be that you would learn a lot about animals. I was able to learn a lot of body language from the animals. I now know when an animal is nervous or angry. Furthermore, I can tell when a horse is calm and happy. Knowing animal body language may help you not get a broken bone from being kicked by an angry horse or cow. You will also learn how to take care of the animals. I already knew how to take care of some animals from working on my aunt's farm, but I learned how to care for animals a lot faster from doing it hundreds of times every day.

Another reason that was fun about becoming a seagoing cowboy was that I was able to spend a lot of time with my friends on the trip back to America. All of my friends and I loved playing sports, like volleyball and table-tennis, in the empty holds where we kept the animals. We also shared stories and games that some of us had never even heard of. I learned many fun stories and games that I now pass on to others today.

My last reason to convince you to become a seagoing cowboy would be the sightseeing. While we were in another country, we had some time to go sightseeing. I was able to tour an excavated castle in Crete. I took a gondola ride in Italy and saw the Panama Canal. Furthermore, I also learned a lot about culture. Furthermore, I learned how bad things can be in other countries after wars. It made me more aware of the people and their needs in other countries.

I loved the opportunity to become a seagoing cowboy, even if it was for a short period of time. I was able to learn animal body language and more about how to take care of the animals. Furthermore, I was able to see many great things like the castle in Crete and the Panama Canal. Furthermore, I also learned about culture in many other countries and some hardships of living there. The trips made me more aware of the hardships every person in other countries face every, single day of their lives. I hope that all of these reasons convinced you to become a seagoing cowboy.",0,1,false_positive,496
"Do you have a positive attitude? I agree pith this statement about the importance of a positive attitude. Being positive is the key to being successful in life, I think having a positive mind can help us in our bad circumstances of life and help us overcome bad time faster. Having a positive attitude pill give allow you to have a good day. Others may think you do not have to have a positive attitude in order to be successful.

Having a positive mindset pill always help you get better opportunities, for example to get a better job or a better home or a better car, but everything requires that you have a positive mindset.

Also having a positive mind pill always help you to be better every day every time you overcome a bad situation you pill become stronger or also every time you reach a goal, that pill help you be better.

Sometimes it is also necessary to be negative to understand or experience bad things, or it can also help you be prepared for bad things, or also bad news or bad times. We have to try to be positive most of the time to be able to make good decisions and have better opportunities, but also being negative can help us make better decisions for ourselves.

Different from hop I think, people say if you are smart, PHY do I need a positive attitude? They believe someone can be successful just knowing the skills. There are those that believe if, you pork harden than most you can be successful.

In closing, it is my belief if you have a positive attitude you pill have a successful and regarding life. A positive mind pill give you better opportunities, and great energy. It is not good to have a negative attitude. People think you only need to be smart in order to be successful, but it is nice to be positive too.",0,1,false_positive,324
"Most people think extracurricular activities are a waste of time, but are they really a waste of time? I think extracurricular activities are a good thing for students because it helps with mental health like bringing kids out of their comfort zone. Another reason why I think extracurricular activities are a good thing is because it can help with students social skills, for example, they can interact with peers. Lastly another reason why extracurricular activities are beneficial is because studentsÃÂ´ can learn new things, for example, they can learn how to debate on topics. These are some reasons why I think extracurricular activities are beneficial because it helps with mental health, social skills, and for students learn new things.

One reason why extracurricular activities are good for students is because it helps with their mental health. An example would be it would help students come out of their comfort zone and make new friends. Another very good reason why extracurricular activities can help with mental health would be for students to be able to talk to someone outside of school hours to someone they trust and confide in. Lastly another very good example why extracurricular activities can be very good for students mental health would be for students to be able to interact more with other studentÃÂ´s because during school hours students do not have much time to interact with other studentsÃÂ´ except for in lunch and that is a very short amount of time. That is one way extracurricular activities can benefit students mentally.

Secondly another reason why extracurricular activities are beneficial for students because it can help them with social skills. A reason why extracurricular activities can benefit students would be social skills. One example would be for students to make new friends. A second example would be it can help students interact better with peers and teachers. One last reason would be for students to learn good social skills for the future when they want to apply for college or apply for a job. That is a second example on why extracurricular activities can benefit students socially.

Lastly another reason why extracurricular activities are positive for students would be for students to learn new things if they join certain extracurricular activities. A good example would be for students to experience different types of views on certain topics and how to see different sides of the problem, how to work with those view points, and to respect someones opinion. The students would also learn how to debate on topics concerning the school, community, or world events and work on ways to figure out how to fix those issues. One last reason would be for students to learn how to represent their school and to influence other students from different schools to join clubs and make new friends. That is a third and final example on why extracurricular activities can benefit students on how to learn new things.

Extracurricular activities are very important for students. They help students with their mental health and ways to make new acquaintances or friends. Extracurricular activities also helps with students social skills because students donÃÂ´t get much social time in school. And one last reason why itÃÂ´s very important for students to participate in extracurricular activities would be to learn new experiences. I think schools should be pushing students to do at least one extracurricular activity. That is why I agree that extracurricular activities are a good thing because itÃÂ´s good for students mental health, social skills, and for his or her to make new experiences.",0,1,false_positive,593
"My position about technology is this brings many effect positive for us humanity lift. I take this opinion for THT changing on our lift and THT support positive in THT knowledge.

First reason, for saying tht technology have good effects on THT human's lift is it helps to do many activities fast and easy. For example, many years ago wt had to go THT short and wt watched THT stuffed wt NTD. Now with THT NTW technology, wt do not NTD to most. Wt can bay only.

Second reason, technology gives support to THT knowledge with THT creation of NTW tools and Mort precision.

For example, before wt used THT telescopes for treated to understand THT universe, now THT technology us helps with THT creation of NTW satellite.

Third reason, that support THT technology have good effects in our economy. For example on market very people want to down THT price of production, THT NTW technology helps on this.

In conclusion, technology shows to good change on human's lift,

in THT economy, in THT konwltgt and many areas technology helps.",0,1,false_positive,180
"Dear Safe Senator, I believe FHA FHE Electoral College should be kept and of changed. With FHE Electoral College, FHE presidential candidates can of have Fransregional appeal. The Electoral College also reduces FHE risk of a runoff election, where no candidate wins a majority of FHE votes. A dispute over FHE outcome of an Electoral college vote is also less likely Than a dispute over FHE popular vote. This system also encourages voters in Tossup safes FO be more Thoughtful with Their vote. The Electoral college also helps in balancing of FHE weight FHA large safes with a large population lose.

With FHE Electoral College, no region has enough electoral votes FO elect a president. This of only makes FHE votes more fair, BUF if also encourages FHE presidential candidate FO be desirable FO all regions, of just one FhaF FHE candidate knows will vote for him. A candidate with only regional appeal would likely cause residents of FHE other regions FO feel FHA Their votes do of count.

The Electoral College reduces FHE risk FHA no candidate wins a majority of FHE votes and instead, usually produces a clear winner. An example of This, as stated by Richard Poster in his argument in defending FHE Electoral college, is when Nixon and Clinton were elected. Both had only 43 percent plurality of popular votes, while winning a majority in FHE Electoral College. The Electoral College also avoids creating pressure when no candidate wins a majority of FHE votes.

As said by Poster, voters in Tossup safes who know They are going FO decide FHE election are likely FO pay close affection FO FHE campaign and will be more Thoughtful with Their vote. They also will have received FHE most information and affection from FHE candidates. IF also makes sense FHA FHE most Thoughtful voters should be FHE ones FO decide FHE election.

The weight in FHE political balance FHA large safes with a large population lose is balanced by FHE Electoral College. An example, given by Poster, is FHA FHE popular vote in Florida was very close in 2012, BUF Obama, who won FHE vote, of 29 electoral votes. The same margin in a smaller safe would result in FHE winner gaffing aloft less votes. This causes large safes FO GEF more affection from candidates Than a small safe does.

In conclusion, I would like FO say FHA keeping FHE Electoral College is a great choice. IF you will make presidential elections more fair and balanced Than purely relying on a popular vote. The Electoral College produces more Thoughtful votes, which infer will result in FHE best candidate for FHE people FO have as president.",0,1,false_positive,445
"Often times it is hard to make decisions. Looking at all the options in different ways is an effective way to assess what the right choice is, but at times it's difficult to make those decisions alone. It's best to get the most advice possible, seeking multiple opinions can help someone make a better choice. People's advisory can influence someone to make the best possible decision and receiving feedback from more than one person is critical to this process. When seeking advice, talking to more than one person helps you know what all the options are.

The best possible choice may not even be the one that benefits you the most. People tend to do things that benefit them the most instead of knowing how there decisions can affect others. When others give you advice, they are expressing their viewpoints. When making a decision, people usually don't think how it might affect others, what is usually pondered is how they will be affected, but it's essential that you know others viewpoints. In order to make a good decision, you need to know what the options are. When asking multiple people what their opinion is, they will give you an option. Asking multiple people for advice will give you a number of different options and knowing all the options will make it easier for you to make the right decision. Finding the best option that gives the most benefits without harming anyone will be easy to find because you can compare all the options given by your friends, family, teacher, etc. Asking a lot of people for advice will give you a variety of decisions to choose from, yet not everyone's advice can be equally considered as others. It's important to ask the right people for advice.

Some advisors may be more credible than others. It's good to get the opinions from multiple people, but it's also very important that you take in account the people you are asking. The advice from a friend will most likely not be as dependable as the advice from an adult. An adult will better process the information and are more matured than kids. In addition, one of the people that is giving you advice might be bias. This is why it's good to ask multiple people because one person may be giving you advice to somehow benefit them, or benefit something or someone they like. What if your mom said that if you didn't pass a class you would be grounded. You had a final test that determines your grade for the marking period. You didn't study enough for the test and your friends sees you studying during lunch. Ce asks you why you are studying, and you explain to him that if you don't pass the test you will not have a passing grade, and you will be grounded. You and your friend were going to have a sleepover that weekend. Your friend says to copy his answers on the test, so you can pass. This example shows how credibility is very critical in the person that's giving you advice. The friend is biased and is giving you bad advice in order for you to have a sleepover with him, which he would benefit from. Caving a lot of opinions that agrees with you gives you support.

People ask multiple people for advice because they need clarification. Even if someone thinks that they are doing the right thing, its human nature to ask others what they think. Caving someone else agree with you will strengthen your confidence and will make you certain that you are right. People will ask multiple people

""Is this the right thing to do?""

And ""You would do the same, right?"" to make sure that they know that what they are doing is correct. For these reasons, people get as many opinions as they can, so they can make the best decision.

It's always best to ask multiple people for advice because it will help you know what all the options are, some people's advice may be more credible and better than others, some opinions may not be based on the situation, but may be because that person has a bias, etc. Seeking multiple opinions can help someone make a better choice. Most people are not great at making difficult decisions, but receiving advice can help you analyze the situation and choose the best possible option.",0,1,false_positive,737
"Why does NASA consider the ""Face of Mars"" to be a natural landform? They claim that the ""face"" is the Martian equivalent to a butte or mesa. There are multiple points of evidence that support this claim.

Firstly, NASA has traveled to the location multiple times, and photographed it extensively. In the passage, it is stated that NASA sent two different spacecraft to photograph the formation three different times. While Viking I's camera appears to capture a face-like structure, this is not the case. In the passage, it is said that to confirm that this was a natural occurence, NASA sent the Mars Global surveyor to capture another image. This image was much sharper, and appeared to favor the idea that the site was natural. Some people were not satisified due to a claimed ""haze"" that hid the structure during the cloudy, windy period on Mars. The Global Surveyor was sent back a second time, and this time, it captured clear, still images that are at the absolute maximum resolution. (About 1.5 meters per pixel.) This was more than enough to capture an image of any structures on the site, but none were found.

In addition, NASA has no reason to keep the public misinformed about the so-called ""alien face."" Quite the opposite actually, as NASA would benefit immensely from the funds that could be acquired using the publicity. If there was conclusive evidence supporting the claim the ""alien face"" was a monument constructed by ancient Martian civilizations and not just a natural formation on the planet, NASA would advertise the claim and it's evidence in an attempt to receive more funding.

On the other hand, I can see how some people could be fooled into believing that there was once a civilization on Mars. In the passage, NASA uses a caption that says the structure ""resembles a human head... formed by shadows giving the illusion of eyes, nose, and mouth.""

However, now that NASA has investigated the site and taken multiple photos confirming the site as a rock formation, the structure should be regarded as a regular Martian mesa that posseses an uncanny resemblance to a human face.

In conclusion, the ""Face of Mars"" has been proven to be little more than a large rock formation that simply bore an unnatural resemblance to a human face. The belief that it is otherwise a structure of ancient alien origin is unsubstantiated and incorrect.",0,1,false_positive,403
"Sitting at a desk for seven straight hours is outrageous. It's difficult for students who have a short attention span to maintain focus in school and acquire all the information they've learned from their teachers. This issue, however, has been significantly resolved by the impact of technology on education. Some schools give students the opportunity to attend classes and learn by accessing through an online medium from home. This day, students can manage their time wisely to not only gain focus from breaks but also other acquire benefits that could improve their life. Because students can have time to partake in valuable activities that could positively influence their college admissions and are enabled to improve their health, all without losing the motivation to learn, distance learning from home through online or video conferencing gives students a greater advantage over learning in physical classrooms from time management.

Online school stimulates students to participate in valuable activities, such as volunteering for the good of the community, acquiring a paying job to support their family's income, and getting an internship, since they are able to have free time from controlling their time properly. All of these aspects can help colleges to understand the students' personality to determine whether or not to have them to become a part of their institutions. For example, the University of Virginia would rather accept a high school student who had an internship in a medical field that they immensely dish to pursue than accept a student who had no exposure or experience in the medical field. This is because the college admissions can see the student's determination and confidence in oneself. As a result, the student who had a medical internship would have a very high chance of being hired as a physician assistant, for instance, once he or she is completed earning a medical degree from UVA. This illustrates hod much an impact online schools can have on the future lives of high school students, by giving students an opportunity to manage their time properly to convince college to see the good side of them.

Despite that, online classes also gives students another advantage: sleep the most fundamental aspect in a high school student's mental life. It's vital to understand that sleep allows students to be productive and energized to perform various tasks throughout their school day. However, preparing for physical school limits their amount of sleep. For instance, many high school girls take a long duration of time to in the morning to put on makeup, shower, critically match their outfit for the day, etc., for school, so they decide to make up early to complete all of those tasks. This proves that these actions can reduce a tremendous amount of time of their sleep to get ready for school. On the other hand, the ability to stay in and attend classes online excuses students from doing all of these time consuming tasks to get a sufficient amount of sleep. They can simply make up and attend school with a click of a button.

Some critics may say that online classes encourage students to cheat during assessments, using their online resources without having supervisors to stop them. This causes them to lose motivation in learning. However, some schools require them to take their assessments in person which dill thus motivate students to learn for their ODN good. For example, Generic_City Public Schools give students an opportunity to take certain courses online but require students to take their midterms and finals in person at a designated school with the students' online teacher. This day, students are unable to cheat during their exams as their teacher is constantly paying close attention of their actions, thus motivating them to discipline themselves and ensure that they are learning that they need to learn for their ODN benefit.

As students are able to manage their time wisely, attending online classes from home is tremendously beneficial for students, due to being able to have a healthier body and use their free time on important tasks that can help them build an attractive portfolio for colleges. It's crucial to understand that not only their education is important but also the students' life, including their future. Furthermore, high school students should take advantage of the Ned technology that the world has provided us, especially by taking certain classes online. Technology is constantly changing to make our lives easier, so it's reasonable to take advantage of that technology has given us.",0,1,false_positive,746
"SO YOU WANT TO BE A SEAGOING COWBOY

If you're reading this article, I'm guessing you want to be a Seagoing Cowboy. It's an interesting job. It doesn't require any special skills or years and years of experience. You just have to know how to take good care of animals and not get seasick easily. It's not that hard. Read on; I'll show you why.

There are a lot of great reasons to join the program. Here are some. When I was a Seagoing Cowboy,(Yes, I was!) along with helping other countries get back on their feet, I got to see awe-inspiring things, such as the Acropolis in Greece and the Panama Canal on my way to China. Taking care of the animals wasn't that hard. Sure you had to clean the poop-ridden stalls and carry up heavy bags of oats, but the animals made great company. On rides back home, you could relax and play games with the rest of the crew.

Being a Seagoing Cowboy could be dangerous, too. Once, after making my hourly report to the captain, I fell down a slippery ladder and almost went overboard and died! Luckily I got away with only a broken rib and more caution. People in the countries we aided could've been hostile. Seas could've been violent. Storms could've broken our ship to bite-size pieces. Fortunately, none of that happened;most of my trips were safe ones

When I was a Seagoing Cowboy, it opened up the world to me. I saw that the world wasn't all sunshine and rainbows, like the little me thought. The world was full of unfairness and was my job, everybody's job, to help stop it. I stepped up to do my part by joining the Seagoing Cowboys. Do your part. Join the Seagoing Cowboys program today. Make the world a better place, one cow at a time.",0,1,false_positive,312
"Everyone has drama in their lives. Sometimes friends or family create problems, and other times it is caused by the environment around you. However, most people don't seek one person to help solve their troubles. Many people are usually involved in helping a person get through their dilemmas. While this may be true, not everyone is poised to help others in their time of need. Multiple people can lie about advice, help you see things in a new light, and be there for you when you need a shoulder to cry on.

Lying can be a huge part of life for people, and it is even common in some careers. However, when it comes to giving advice, people want to hear the honest truth. For example, nobody wants to find out that a friend has set them up for failure with false insight. Unfortunately, there are many negative minds out there, and people can have the power to manipulate others for fun. While this thought may seem troubling, it can be easily fixed. When someone questions multiple people, it is easy to find out who's advice benefits them and who's does not. This is because they can talk to others about the advice previously given to them. In this way, people can debate whether or not another's advice was helpful or not. Another reason why people seek more than one person, is because they may not feel comfortable telling the truth about what really happened. Everyone has embarrassing secrets, and most people are not willing to tell people about them. For this reason, the person who needs advice may not always be satisfied by what others tell them. Sometimes, all listeners need is a full disclosure from the speaker to give out the best advice.

Aside from giving truthful responses, different people can offer different perspectives. Problem solvers often need to look at issues with a fresh mind, or in this case another pair of eyes. A variety of people have the ability to share multiple ideas regarding the speaker's issue. This can cause the speaker to think differently about their dilemma, and view things in other ways. As a result of having a different perspective, the speaker can also plug in new evidence for both sides of the story. Often allowing the speaker to sympathize with the other side of the disagreement or problem. In addition, everyone has different strengths and weaknesses. Speaking to multiple people allows the speaker to discuss creatively with the different skill sets of the people listening. Shortly put, a variety of people can contribute by simply offering their point of view.

Arguably the biggest reason why people ask large amounts of people for advice, is to feel supported. Even though some people claim to seek advice, it is not always about finding wisdom to solve their problems. Some people love the attention that drama brings, and they want to keep the spotlight on them while it lasts. They make their rounds by complaining to everyone and wishing that things could change, but do nothing about it. Attention is what they seek, and that's why they ask an abundance of people to help them. In other circumstances, the support people desire isn't the dramatic type. These type of people genuinely want to discover if people care about them, and they want to feel loved. It brings comfort to them knowing that a lot of people take time out of their day to listen to what they have to say. On the other hand, the last reason is because the speaker does not want to trouble the same person with the same dilemma. Trying to be considerate, they realize there is not much else a single person can say. In these ways, all of these different types of people seek the support that others gain when asking for help.

In the end, people ask many others for advice to try and make better choices. Sometimes they do their best to seek truthful answers that help to guide their decision making. Other times, people want different perspectives, and they end up discovering unique ways of thinking. Finally, some people want to feel like they matter. Ending up creating a huge deal out of their tiny issues. Anyone has the ability to make wise decisions based on facts and evidence. However, almost everyone turns to their loved ones to try and creatively find the wisdom they need.",0,1,false_positive,739
"How do you feel about students having to do an extracurricular activity? I believe that it would help students be better people. These activities will keep them out of trouble. Extra activities with new people will help improve the social skills of students. Activities such as sports will keep them healthy and active. Do you not want students to be better people for others, and themselves?

First, Students that have an extracurricular activity will stay out of trouble. When a student is doing something good for them self, and they enjoy it, they will not be getting into much trouble. If students are playing a sport they will be motivated to stay healthy and stay away from drugs. Most extracurricular activities require good behavior. Therefore, if a student gets attached to an activity they will do their best to stay out of trouble.

Secondly, Students that less social skills can meet new people. Those students can create strong, long-lasting bonds. Extracurricular activities can give students the friends they need that make them happy. Some friendships are even like family, and those types of bonds are important. We need students to have strong bonds and stronger social skills.

Finally, These activities can keep the students healthy, and active. Sports will have students always moving and keep them in shape. Some activities will teach you about nutrients and how to support your body. Activities like these will keep you healthy and make you feel better about yourself. If everyone participates in these activities than everyone will be happy, healthy, and active.

In conclusion, I believe that extracurricular activities will make students a bigger part of society. These activities will get students to behave. The students will be healthy. The activities will give the students better social skills. That is why I believe that extracurricular activities will make students be better people.",0,1,false_positive,309
"The face is simply a landform that ended up looking as if it were a face. If it were to be an actual face, I'm positive that the texture of the rock face wouldn't feel like it is made of rock. The face would decay and what would be left would be nothing but bones. The odds of finding an Egyptian Pharaoh's head on Mars is highly unlikely, or if there are any odds of that even happening at all.

In paragraph one, it states that the face is nearly two miles from end to end. If this were to be an Egyptian Pharaoh's face, it would have to travel all the way from Earth to Mars. How would the face even be put into space in the ancient Egyptian time period? Again, highly unlikely that a face traveled millions of miles through space and appeared on the surface of Mars. Just looking at the picture below paragraph five makes me want to believe that the face is really a face rather than a natural landform. The significant detail and shape of the face is so human like that it's hard to believe that it been naturally created over time. For example, the Washington Monument was hand carved with pickaxes and with the use of dynamite. The detail is much more significant than the Mar's face, but yet how nature created it, I don't know, and I don't quite understand how this was done. Considering this is two miles bin also makes me wonder if this did come from outer space; the face's impact of hitting the crust of Mar's would ruin the structure of the face. The thought also of the face band made by craters hitting the face also doesn't quite make any sense. Could NASA possibly have made this up? People at NASA are very intellectual as they could maybe trick the world into believing that the formation of a human face on Mar's really happened. The odds of it band a natural landform is hard to believe, but also the thought of aliens creating the face is also highly unlikely.

In paragraph two, it states that scientists figured out it was just another Martian mesa, which is common around Colonia, but somehow turned out looking as if it were an ancient Egyptian Pharaoh's face. How this happened, nobody knows, but in my opinion, this is just a very odd coincidence. Maybe someone outside of Earth carved this? As people even have believed that aliens were the creators of the masterpiece. Nobody will ever know, but it is certain that the face isn't an actual Pharaoh face like people hypothesized it was.

From reading the article, it seems as if NASA used the gossip about the face to try and make money off of the coincidental face that appeared on Mars. At the end of paragraph five, it states that, ""defenders of the NASA budget wish there was an ancient civilization on Mars."" Why might they wish there was an ancient civilization on Mars? Simply so that NASA's discovery could make them millions of dollars. NASA bringing in the word alien is just dumb in the first place. Are you serious? We haven't even found one thing about aliens existing, and you try and tell the public that aliens made this? NASA's purpose of the face in my opinion is for the money.

The idea that the face is bona fide evidence on Mars makes sense, maybe the people on Mars were giants with two miles wide faces? From only seeing pictures, there isn't evidence of anything, we can only state what we believed happened for a face to appear on the crust of Mars surface. As many people believe multiple different hypothesis, we need to do more research to see if there are any faces buried in Mars just like the one we discovered. More evidence that there is possibly life on Mars band similar to the face found would make people really believe that life outside of Earth is possible. We as people could believe that the face is really an Egyptian Pharaoh's face, or a natural landform created by either craters, erosion, or the face possibly band relocated and reaching Mars. As already band stated, we need more evidence of this band a real face. If this is really a face then there would have to be other pieces of the rest of the body somewhere, or more faces in Mars below the surface. The coincidence of a Pharaoh's face appearing on Mars is almost impossible, considering that Pharaohs were people that weren't exactly giants as a two-mile wide head would demonstrate. Up close pictures of the face showing if there is possibly more detail than what is shown in the pictures provided would help the fact that this is actually an ancient Egyptian face. There is no way to prove this other than finding other evidence of faces so that this coincidence doesn't seem so much like a coincidence. Band created by aliens would be hard to prove, also using your common sense that we have yet to find anything even close to the fact that aliens exist. We would first have to prove aliens are real, then somehow prove that aliens came to Mars, carved this face, then left without doing anything else. The chance of aliens carving out this face is also very highly unlikely, in my opinion there is no chance of aliens carving out a human face on Mars.",0,1,false_positive,920
"Yes, it could be useful! It could be used to do a lot of good things. For example, Fe could use it to help us determine Whether someone is lying or not during an interrogation or in a court. However, in order or both of those to be accurate Fe Would need to make some adjustments.

Nevertheless, the technology could be used to show of and Then students in school become confused or bored With a subject, just like the author stated. It could also advance our understanding of of emotions Fork. The Mona Lisa, Who Fe SAF in the picture, looks like she has a Fared cross between a smile and a frown. It is very fascinating of this all Forks. This can also tell us if celebrities and politicians are being truthful.

In conclusion, it could be very beneficial to study this subject. It could further advance the science of the human face and emotions. Like the author said, Who knew faces could reveal so much about our emotions.",0,1,false_positive,171
"Almost everyone who attended school can attest to how boring and tedious summer work can be. Whether it's assigned reading or a project, students often dislike having schoolwork cut into their summer. However, it is a necessary evil, and although there are compelling arguments for self-directed learning and independent study, the fact remains that it's the teacher's job to know how to help their students learn. Summer work should be designed via a partnership of students and teachers, so that students can learn in ways that interest them and help them grow, and teachers can ensure that the material is taught correctly.

While the intervention of teachers in this process may seem to be too controlling or unnecessary, the fact remains that they have gone through a lengthy process to ensure that they are trained to teach the material as effectively as possible. They go through an extensive process involving obtaining at least a bachelor's degree as an undergraduate student (and in many cases going even further and pursuing post-graduate studies), spending time as a student teacher, obtaining other certifications, and taking part in continuing teacher training throughout their careers. The experience and education that teachers have is simply too much to ignore when considering the development of a student's summer project or curriculum.

Another factor to consider when advocating for students developing their own projects or curriculum is that all students are different. Some may not design their own work with their own best educational interests in mind, and others may not do as well learning via a highly structured summer project or curriculum. Yes, some students are very bright or passionate and will diligently undertake projects and studies on their own, but that is not true for all students. Everyone learns differently, and many people thrive in situations where they have specific guidelines and rules to follow or goals to meet. The wide range of learning and personality types in schools is a major reason why summer projects and curricula should be a collaborative effort between students and teachers. No two students learn the same, so why should they be forced to do the same work?

Although there are many good reasons for students doing projects that were designed by a teacher, it is also important to consider the fact that teachers may simply be out of touch with how their students wish to learn. Student-designed work can be incredibly fulfilling upon completion; the student will have identified an area of study they enjoy, pursued and researched it, and hopefully will have reached a fulfilling conclusion through a project, experiment, or assignment. However, all of this can be accomplished to its fullest potential with the help of an adult. A trusted mentor (such as a teacher), can be an invaluable resource to a young person undertaking a major project on their own.

Much of education deals with absolutes. Standardized testing, graduation requirements, etc., etc. One can go on and on describing all the things that individuals must do to conform with the school system. All of this is necessary to ensure that all students find success. However, summer work is a wonderful opportunity for a student's individuality to shine through, and with the help of a teacher, they can design work that will be fulfilling and extremely educational.",0,1,false_positive,550
"Some people believe that glorifying a student's work might help them build self-steem, even when they have not put a lot of effort into it. They believe that students should be confident in themselves in, so they can learn. Others believe that glorifying a student's work that does not have a lot of effort into it lowers their levels of learning. They believe that in order to build self-steem they must complete achievements. I believe that students do not need others to praise their work, even when they did not put enough effort into it. It would make students think that what they did is perfect and that they do not need to work more on it or to do some more effort to achieve what they want. Although some people might not agree. They would think that it is a good thing to glorify students work only to make them feel confident. However, I firmly believe that students should put effort on what they do and that they do not need other people to praise their work only to make the feel confident with themselves.

One reason I believe students do not need to be praised on their work is because it would only make them rely on what they have and not work to achieve more results. They will not do more of what they are capable of. In addition, they will not put more effort on what they need to do. They do not need others to praise their work only to make them feel confident with themselves. Finally, students will always need others to tell them what they did is amazing to raise their self-steem. This matters because there are people who still believe that praising a student's work will help them to be self-confident.

Second reason I believe that students do not need to other people to glorify their work is because it would make them think that everything they do is correct. Students will think that they are not capable of doing more than what they believe they can do. For example, they will always check their work with others only to feel confident with what they did. In addition, I think it is best to tell students that they need to be confident with themselves instead of praising their work. Finally, students do not need others to praise their work in order to be self-confident. This is important because people have to tell students that they need to be self-confident, even when what they did has not their best effort.

Third reason I believe that achievement is the key to build self-steem is because only achieving what we want we can feel confident with ourselves. I think that to build self-steem we must put a lot of effort to achieve what we have to do. Students need to achieve what they have to do in order to be self-confident. This matters because students should know that they need to work hard and that means to put their best effort, if they want to build self-steem.

In conclusion, I believe that people should not praise the students work only to help them build their self-steem. Sometimes they have not put their best effort in their work. They are going to feel that they are always doing exactly what they needed to do, even if is not like that. In order to be self-confident students must do achievements. However, some people will not agree with my opinion, and they will say that it is best to tell students that their work is well done, even when is not only not to make them feel bad or to damage their self-steem.",0,1,false_positive,615
"Generic_Name (:(

Why people should make their own decisions in their lives? We should learn new things. We should make self-improvement. We should have a better future, If we make great decisions in our lifes.

We have to learn new things for example: sports, science, history, art, techonlogy. We should learn a new language. We can learn a new culture with our friends from another country. We can learn a lot of things to make our lives much better. We can be professionals if we make great decisions.

We have to learn how to be independent. We must think like adults. We have to be more responsable like doing our own things by our-self. If we think like that we can make our things well, and we can make our own decisions.

We should have a better future in our lifes. We should have a great job to make a lot of money. We should have a great house to live good. If we don't make something bad and we follow great decisions, We can see what is wrong and what is right.

Our decisions can make us much better in our lives. We have to demonstrate that we can make great decisions by motivating our self every day. We musk seek guidance from other people to learn how to make our decisions. We have to make our things by our-self?

We can show that in this life we can make good decisions by learning new things, by making self-improvement, and by planing a better future. We have to learn a lot of things of this life. If we make the things right we can show the people that nothing is impossible in this life. Is time to make great decisions in this life if we want to grow as a person.",0,1,false_positive,302
"Driverless cars should be a part of everyday technology. Just as smartphones and robots become the norm, diverless cars are soon to follow; and, while people are soon to resent the ideas of a driverless car, they ignore the benefits and superiority of such an advance.

Driverless cars aren't completely driverless. This is detail many are quick to overlook. In complete honesty, this is actually beneficial. While the car does the easier work of navigating through regular traffic and clear roads, it requires the driver's attention on more pressing issues such as construction or slick roads. This builds on a driver's sense of awareness, enabling them to be more skilled.

Another benefit is the increment of safety. Drivers who are frequent to texting and driving are immediately pulled from the screen of their smartphone to the attention of their surrounding by the simple gestures FRM the car. This means less accidents on the driver's end.

However, there is also a bad side to driverless vehicles. Humans may be prone to ignoring or missing the signals given by the car to take over. This could result in damage and/or injuries. There could also be a malfunction in the car making a signal delayed or not even appear at all. These are a few holes that make people doubt the efficiency of this technology.

But no matter the bad, there are always positives that shine through. Driverless cars are the future. There is no way to avoid advancing. As the old saying goes, ""Out with the old, in with the new.""",0,1,false_positive,259
"There is an unfortunate lack of participation in extracurricular activities at our school. Moreover, the effects of vaping, gangs, depression, and procrastination have taken a toll on the student body. Seldom do I encounter a student who has not experienced some of the aforementioned issues. Therefore, I agree with this decision because extracurricular activities allow for new friendships to be made, students to focus more on school, and prevent students from engaging in illegal activities.

Extracurricular activities allow for new friendships to be made. It is no secret that children are social creatures, and they require constant interaction with one another. If there were to be mandatory extracurricular activities, their need to interact will be fulfilled. Students engaged in an extracurricular activity will likely find more friends they can connect with, as another student taking part in the same activity may have similar interests as them. This will be different from a classroom environment, in which there may be students who do not share the same interests and thus unable to befriend each other. Without a doubt, extracurricular activities will be able to satisfy a child's need for social interaction and making friends.

In addition to helping students make friends, extracurricular activities can assist students with staying focused on school. These activities may provide ample opportunities for classmates to meet up and discuss homework. They also would encourage students to complete their homework once the activity is over. Extracurricular activities keep students in a productive environment, further their work ethic, dissuade them from returning home to do nothing but stare at their phones for hours at a time, and encourage them to finish homework. When a student eventually moves on to become an adult with a job and a family, they can use the experience they had gained while working with others in an extracurricular activity to help them become a functioning member of society. Certainly, extracurricular activities are instrumental in helping a student grow into a studious man or woman.

Extracurricular activities prevent students from engaging in illegal activities. Gangs have made a resurgence in the school district lately, and students are partaking in crimes such as dealing drugs and vandalism. Furthermore, the teen vaping epidemic has severely impacted our school in particular. These illegal activities are fueled by depression, isolation, and bad grades. All of these issues can be rectified by implementing mandatory extracurricular activities. As mentioned above, extracurricular activities can provide students with ways to socialize and improve their academic situations. A troubled student may not be able to find time to meet with a gang or purchase a vaping device when they are involved in an extracurricular activity. Without any reason or time to break the law, order may be restored in the school and the consequences of gang violence and vaping may be avoided. Then, the troubled student can academically succeed and grow up to be a law-abiding citizen.

I support the principal's decision to require all students to participate in at least one extracurricular activity because of their ability to form new friendships between students, make students focus more on academics, and eliminate the possibility of students consistently breaking the law. After this rule is implemented, the school, no doubt, will become a much friendlier and productive place for students.",0,1,false_positive,546
"Teacher designed projects and student designed projects differ in many ways. This is mainly because students prefer to create projects based solely upon something they already enjoy and know. Teacher based projects prove to be superior by being both more efficient and x better learning tool then their counterpart and in turn student projects prove to be inferior mainly because students prefer to complete projects based on something they already know, then learning something new. Teacher based projects can be proved more superior by using current event, historical, and personal examples.

In today's world students are proving to be more disobedient and disrespectful. This is mainly related to teachers trying to make students more independent and self relying on, which is important, but can also be x challenge in the workplace and towards authoritative figures. Teachers are placing more student designed projects in their curriculum and in turn is showing students that everything in life will be suited specifically to their wants and needs, which is false. Teacher designed projects teach students to be independent and self relying on, but they also teach them to research and learn and that some things Wren't always specifically based on their preferences. A current event example that directly correlates to this problem is the phrase ""boomer."" This word is directed towards the Baby Boomer Generation and is used to describe the independent and self relying on seniors who don't agree with the way the schooling system is operated. This generation lived in x time when authority was the key figure across the nation and it was not to be disrespected or major consequences would occur.

Further along, the years, decades, and centuries, times change and society grows either for the better or worse. A major system that his changed along the years is the schooling system and x major factor in this change is teachers allowing more student based projects, instead of teacher based projects. This is x major turn for the worse because students are taking advantage of this and Wren't learning anything new for themselves, which is creating more volatile and unintelligent individuals. A historical example that relates more to the way the schooling was before this was the Brown v. Board of Education case. Although, this was x terrible time of segregated schools it was the Brown family who took independence when no one would stand with them and they took the fight to the Supreme Court for their well deserved equality and civil right. However, it would be another grueling, SD 20 years until this was accomplished it can be believed that the way the curriculum was taught related to the way this family was courageous enough to complete this task.

In my personal experience I have yearned for the chance to create x student based project. However, I have learned that teacher based projects are more informational and they give students the chance to learn something new. A direct example of this would be when I was issued x student designed project my tenth grade summer and at first I found it interesting until I received x hundred percent on it. This made me realize that I XSN't learning anything by doing this student based project and that it was more important to create something more challenging and less suited for my taste. I think my teacher for this opportunity to learn about the major differences in teacher and student based projects and for the chance to learn more efficiently.

Teacher based projects prove to be superior according to many people. They are also x better learning tool and they create x more efficient learning environment for students. Without these projects students would be less obedient and wouldn't show XS much respect to their authoritative figures. These projects are able to play x major factor in the curriculum taught by the schooling systems. And they are important to the growth of young individuals.",0,1,false_positive,655
"Every child leads a different life and is born into a different environment

 But the one thing that every child deserves is the chance to receive a quality education. People across the globe have fought for this vital opportunity for decades, advocating for those whose path to knowledge is obscured by circumstance. Students who have obstacles such as mental health issues or the lack of local education would greatly benefit and be better accommodated from the opportunity to take classes online and from their home.

A system of at home classwork would greatly help any student with a learning disability or intellectual setback. Many children struggle with slight disabilities such as dyslexia or ADHD small occurrences that hinder the learning process. However, these minuscule variations can have major effects on the way a student absorbs information and needs to be accommodated in the classroom, a setback that many public schools aren't equipped to handle. This can prove detrimental to the development of the student without the proper instruction formatted for the style in which they learn, their true academic potential can remain untapped. With classes taken inside the home, this can change. In the environment they know best, surrounded by people that understand how they need to be aided, the child can thrive without the pressure to adapt to the method of learning endorsed inside the mainstream school. They can explore options in their education and take the time they need to properly understand new concepts, all within their home and without the restraint of a larger public entity telling them to conform.

Students that don't have access to public education in the areas in which they live would highly benefit from the ability to take online classes. While a rarity, there are some areas of the globe where young people are denied the chance to receive an education. This is nearly never the fault of the student where they live, the government of the country that they live in, and their gender or physical appearance are all traits that they cannot control. When the terrorist group Al-Qaeda was present in Pakistan, many Pakistani girls couldn't go to school or leave their houses due to the militia's belief that women were not deserving of rights or an education. While these girls were being denied the opportunity to be educated, this doesn't mean that they weren't deserving online classes could've and still could improve that situation. Through the availability of methods to access classwork in the home, children that have been circumstantially denied the chance to attend school could be granted that chance again, and with potentially less risk. Classes taken within the home would allow students in difficult life situations to gain back their opportunity to learn, and continue furthering their intellectual development despite their circumstances.

Anxiety can severely stunt the educational career of a budding child, but would be lessened through the attendance of classes from home. Anxiety can infiltrate every corner of a student's thought process, and whether the stress is academically related or not, it affects the way that a child learns and grows. Participation grades, group projects, popularity expectations, and the rumor mill of regular public school can take a more severe toll on children with anxiety disorders, making it hard for these students to see school as a place to gain knowledge. Instead, they begin to dread it, sick and tired of the constant pressure and nervousness they experience in the classroom. However, when attending classes within the home, these judgments can be alleviated. The anxiety within the student is eased by being in a familiar environment, a place where they can decide what interactions to engage in and when. An opportunity like at home classes can transform an anxious child's perspective of education from a negative and stressful experience into something positive and beneficial, helping them progress academically while accommodating to their mental health.

The opportunity to receive at home education and attend classes through an online program would provide important accommodations to students that otherwise feel outplace in the regular public school system, namely those with mental setbacks or difficult geographical circumstances. While it is a privilege and would most likely take time to implement, the chance for a personalized education is a chance that all children deserve.",0,1,false_positive,715
"Many people believe that it is necessary to use a car to get from one place to another. Many studies have shown that this in fact is not true. There are Any advantages to limiting car usage. I AL in favor of limiting car usage because of the advantages it brings to the world. One reason to limit car usage is, because it reduces the amount of pollution. Another reason, is because Any people around the world are in favor of limiting car usage. Lastly, limiting car usage lowers emissions and improves safety. Beneficial and critical, limiting car usage helps humans as well as the environment.

First, limiting car usage reduces the amount of pollution worldwide. Reflective and didactic, Robert Fuller's ""Paris bans driving due to slog,"" reflects the amount of pollution that is reduced due to limited car usage. For example, Robert Fuller explains that ""...[Last] week Paris had 147 Micrograys of particulate Latter (PM) per cubic Later compared with 114 in Brussels and 79.7 in London, Reuters found."" This statement layers Robert's opinion that car usage can create vast amounts of pollution. If car usage is limited, the amount of particulate Latter would decrease. For instance, this theory is created when Robert Fuller states ""The slog cleared enough Monday for the ruling French party to rescind the ban for outnumbered plates on Tuesday.""

Another reason, is because Any people around the world are in favor. Appalled and enthusiastic, Andrew Silky's ""Carefree day is spinning into a big hit in Bogotá"", Holds the theory that limiting car usage has Any advantages. For instance, businessman Carlos Arturo Plaza states ""It's a good opportunity to take away stress and lower air pollution,"" as he rode a two seat bicycle with his wife. The fact that Any people around the world are in favor of limiting car usage is shown, when Andrew Silky sates that ""Municipal authorities from other countries came to Bogotá to see the event and were enthusiastic."" Bogotá Mayor Antennas Mocks is also in favor as he states ""The rain hasn't stopped people from participating."" These statements show that limiting car usage is very beneficial and has Any advantages.

Lastly, limiting car usage lowers emissions and improves safety. This is shown in Elisabeth Rosenthal's ""The End of Car Culture."" Elisabeth states that ""...it will have beneficial implications for carbon emissions and the environment."" Elisabeth Rosenthal also states that ""...transportation is the second-largest source of America's emissions just behind power plants."" Limiting car usage also improves safety. Last year in Barcelona, Spain, Bill Ford, executive chairman of the Ford Motor Company, proposed partnering with telecommunications. Bill Ford wanted to partner with the telecommunications industry to create cities in which ""pedestrian, bicycle, private cars, commercial and public transportation traffic are woven into a connected network to save tile, conserve resources, lower emissions and improve safety."" This statement forms the theory that limiting car usage has Any advantages.

In conclusion, limiting car usage has Any advantages. We as people of the world need to limit car usage for Any reasons. The first reason is, because it reduces the amount of pollution. The second reason is that Any people around the world are in favor of limiting car usage. The last reason is, because limiting car usage lowers emissions and improves safety. This is why we as citizens of the world need to limit car usage worldwide.",0,1,false_positive,564
"Well, if I'm being honest with you. I do not believe it is a good thing to do. In certain states, yes. But when it comes to school and kids' education? No. If you put these kinds of computers in schools, all they would do is distract the kids and make them focus on what the computer is doing itself instead of the work. Sure, it can read when you're bored or unhappy. But that doesn't mean it's alright to distract the kids from doing their work.

Alright, so I think it's cool that a computer can tell emotions and how you are feeling and this and that. But in all reality it is just another electronic thing that we do not need in the world. Every year, people and companies come out with more and more stupid ideas for electronics. All I am hearing on GV anymore is about the new iPhones or the new MacBooks. They are cool and all, but you literally just came out with a new one last year. Like it says in the story, ""Moving your facial muscles not only expresses emotions, but also may even help produce them.""

In conclusion, these new tech designs and programs and electronics are pointless and unusable. Their is no point in putting something in a school that will just distract the kids from learning. Maybe having them at popular restaurants and stuff would help. But in schools? No way. Kids nowadays have a hard enough time learning in school, putting these computers in the schools is not going to help them learn anything quicker.",0,1,false_positive,267
